ADELMO LIMA BASTOS;;;;;;;;
ADELMO LIMA BASTOS;;;;;;;;
ANDRE SUELDO TAVARES DE LIMA;;;;;;;;
ANDRE SUELDO TAVARES DE LIMA;;;;;;;;
ANDRE SUELDO TAVARES DE LIMA;;;;;;;;
ANDRE SUELDO TAVARES DE LIMA;;;;;;;;
DANIEL DE MAGALHÃES ARAÚJO;;;;;;;;
DANIEL DE MAGALHÃES ARAÚJO;;;;;;;;
DANIEL DE MAGALHÃES ARAÚJO;;;;;;;;
FABIANO BARBOSA DE SOUZA PRATES;;;;;;;;
FABIANO BARBOSA DE SOUZA PRATES;;;;;;;;
FABIANO BARBOSA DE SOUZA PRATES;;;;;;;;
JAILSON DO CARMO ALVES;;;;;;;;
JAILSON DO CARMO ALVES;;;;;;;;
MARCELO CAVALCANTE;;;;;;;;
MARCELO CAVALCANTE;;;;;;;;
MARCELO CAVALCANTE;;;;;;;;
MICHELANGELO DE OLIVEIRA SILVA;;;;;;;;
MICHELANGELO DE OLIVEIRA SILVA;;;;;;;;
MICHELANGELO DE OLIVEIRA SILVA;;;;;;;;
MONICA LIMA ALVES PORTO;;;;;;;;
MONICA LIMA ALVES PORTO;;;;;;;;
NELSON VIEIRA DA SILVA;;;;;;;;
NELSON VIEIRA DA SILVA;;;;;;;;
STOECIO MALTA FERREIRA MAIA;;;;;;;;
STOECIO MALTA FERREIRA MAIA;;;;;;;;
TAMARA LUCIA DOS SANTOS SILVA;;;;;;;;
TAMARA LUCIA DOS SANTOS SILVA;;;;;;;;
TIAGO JORGE DE ARAUJO BARBOSA;;;;;;;;
TIAGO JORGE DE ARAUJO BARBOSA;;;;;;;;
JOVENTINO FERNANDES MOREIRA;;;;;;;;
JOVENTINO FERNANDES MOREIRA;;;;;;;;
JOSE RIBEIRO DA SILVA;;;;;;;;
ALBERICO JOSÉ DE MOURA SALDANHA FILHO;;;;;;;;
ANGELA CRISTINA PEREIRA BARROS;;;;;;;;
ELAINE CRISTINA PEREIRA BARROS;;;;;;;;
JOABE GOMES DE MELO;;;;;;;;
JOABE GOMES DE MELO;;;;;;;;
JOABE GOMES DE MELO;;;;;;;;
RENATO DE MEI ROMERO;;;;;;;;
RENATO DE MEI ROMERO;;;;;;;;
TIAGO BENTO DE OLIVEIRA;;;;;;;;
TIAGO BENTO DE OLIVEIRA;;;;;;;;
CLEUNIS BRANDÃO RIBEIRO;;;;;;;;
CLEUNIS BRANDÃO RIBEIRO;;;;;;;;
CLEUNIS BRANDÃO RIBEIRO;;;;;;;;
DJALMA DE ALBUQUERQUE BARROS FILHO;;;;;;;;
DJALMA DE ALBUQUERQUE BARROS FILHO;;;;;;;;
DJALMA DE ALBUQUERQUE BARROS FILHO;;;;;;;;
FELIPE THIAGO CALDEIRA DE SOUZA;;;;;;;;
FELIPE THIAGO CALDEIRA DE SOUZA;;;;;;;;
FELIPE THIAGO CALDEIRA DE SOUZA;;;;;;;;
GENTIL LUIZ DA SILVA II;;;;;;;;
GENTIL LUIZ DA SILVA II;;;;;;;;
GENTIL LUIZ DA SILVA II;;;;;;;;
GENTIL LUIZ DA SILVA II;;;;;;;;
LEONARDO BRUNO MEDEIROS SILVA;;;;;;;;
LEONARDO BRUNO MEDEIROS SILVA;;;;;;;;
LEONARDO BRUNO MEDEIROS SILVA;;;;;;;;
LEONARDO BRUNO MEDEIROS SILVA;;;;;;;;
PAULO WAGNER LOPES DA SILVA;;;;;;;;
RENAN ATANAZIO DOS SANTOS;;;;;;;;
RENAN ATANAZIO DOS SANTOS;;;;;;;;
RENAN ATANAZIO DOS SANTOS;;;;;;;;
RENAN ATANAZIO DOS SANTOS;;;;;;;;
RITA MARIA WESTE NANO CARVALHO;;;;;;;;
RITA MARIA WESTE NANO CARVALHO;;;;;;;;
RITA MARIA WESTE NANO CARVALHO;;;;;;;;
TALITA MARIA GOMES DE MORAIS;;;;;;;;
TALITA MARIA GOMES DE MORAIS;;;;;;;;
SHEYLA KAROLINA JUSTINO MARQUES;;;;;;;;
SHEYLA KAROLINA JUSTINO MARQUES;;;;;;;;
CARLOS CEZAR DA SILVA;;;;;;;;
CARLOS CEZAR DA SILVA;;;;;;;;
CARLOS CEZAR DA SILVA;;;;;;;;
CARLOS ARGOLO PEREIRA ALVES;;;;;;;;
DEMETRIUS PEREIRA MORILLA;;;;;;;;
DEMETRIUS PEREIRA MORILLA;;;;;;;;
DEMETRIUS PEREIRA MORILLA;;;;;;;;
DJALMA DE ALBUQUERQUE BARROS FILHO;;;;;;;;
JANAINA GOMES SOARES;;;;;;;;
JANAINA GOMES SOARES;;;;;;;;
JANAINA GOMES SOARES;;;;;;;;
JOHNNATAN DUARTE DE FREITAS;;;;;;;;
JONATAS MATIAS DE OLIVEIRA;;;;;;;;
JONATAS MATIAS DE OLIVEIRA;;;;;;;;
JONATAS MATIAS DE OLIVEIRA;;;;;;;;
MARCILIO FERREIRA DE SOUZA JUNIOR;;;;;;;;
MARCILIO FERREIRA DE SOUZA JUNIOR;;;;;;;;
MARCILIO FERREIRA DE SOUZA JUNIOR;;;;;;;;
MARCIO VILAR FRANCA LIMA;;;;;;;;
MARCIO VILAR FRANCA LIMA;;;;;;;;
RAFAEL THYAGO ANTONELLO;;;;;;;;
RAFAEL THYAGO ANTONELLO;;;;;;;;
RONNY FRANCISCO MARQUES DE SOUZA;;;;;;;;
RONNY FRANCISCO MARQUES DE SOUZA;;;;;;;;
THIAGO ARAUJO SILVA DE OLIVEIRA;;;;;;;;
WELLINGTON MANOEL SANTOS DA SILVA;;;;;;;;
DIOGO MEURER DE SOUZA CASTRO;;;;;;;;
CARLOS CEZAR DA SILVA;;;;;;;;
ADRIANA SANTANA FERREIRA;;;;;;;;
ADRIANA SANTANA FERREIRA;;;;;;;;
ADRIANA SANTANA FERREIRA;;;;;;;;
ADRIANA SANTANA FERREIRA;;;;;;;;
ALMIR TAVARES DA SILVA;;;;;;;;
ALMIR TAVARES DA SILVA;;;;;;;;
ALMIR TAVARES DA SILVA;;;;;;;;
ALMIR TAVARES DA SILVA;;;;;;;;
BARBARA TEREZA BRANDÃO GUERREIRO BARBOSA;;;;;;;;
BRUNO RODRIGO TAVARES ARAUJO;;;;;;;;
BRUNO RODRIGO TAVARES ARAUJO;;;;;;;;
BRUNO RODRIGO TAVARES ARAUJO;;;;;;;;
BRUNO RODRIGO TAVARES ARAUJO;;;;;;;;
JOALLAN CARDIM ROCHA;;;;;;;;
JOALLAN CARDIM ROCHA;;;;;;;;
JOALLAN CARDIM ROCHA;;;;;;;;
LUIS LUCAS DANTAS DA SILVA;;;;;;;;
LUIS LUCAS DANTAS DA SILVA;;;;;;;;
LUIS LUCAS DANTAS DA SILVA;;;;;;;;
LUIS LUCAS DANTAS DA SILVA;;;;;;;;
WASHINGTON LUIZ SILVA LAGO;;;;;;;;
WASHINGTON LUIZ SILVA LAGO;;;;;;;;
WASHINGTON LUIZ SILVA LAGO;;;;;;;;
ANTONIO CARLOS SANTOS DE LIMA;;;;;;;;
ANTONIO CARLOS SANTOS DE LIMA;;;;;;;;
ANTONIO IATANILTON DAMASCENO DE FRANCA;;;;;;;;
ANTONIO IATANILTON DAMASCENO DE FRANCA;;;;;;;;
ANTONIO CARLOS SANTOS DE LIMA;;;;;;;;
ANTONIO CARLOS SANTOS DE LIMA;;;;;;;;
RITACIRO CAVALCANTE DA SILVA;;;;;;;;
RITACIRO CAVALCANTE DA SILVA;;;;;;;;
ALAN JOHN DUARTE DE FREITAS;;;;;;;;
ALAN JOHN DUARTE DE FREITAS;;;;;;;;
CICERO DE OLIVEIRA COSTA;;;;;;;;
CICERO DE OLIVEIRA COSTA;;;;;;;;
CICERO DE OLIVEIRA COSTA;;;;;;;;
GIVALDO OLIVEIRA DOS SANTOS;;;;;;;;
JOHNNATAN DUARTE DE FREITAS;;;;;;;;
JOHNNATAN DUARTE DE FREITAS;;;;;;;;
JONATAS MATIAS DE OLIVEIRA;;;;;;;;
MARCILIO FERREIRA DE SOUZA JUNIOR;;;;;;;;
MONICA XIMENES CARNEIRO DA CUNHA;;;;;;;;
PHABYANNO RODRIGUES LIMA;;;;;;;;
PHABYANNO RODRIGUES LIMA;;;;;;;;
PHABYANNO RODRIGUES LIMA;;;;;;;;
PHABYANNO RODRIGUES LIMA;;;;;;;;
TAMARA LUCIA DOS SANTOS SILVA;;;;;;;;
TAMARA LUCIA DOS SANTOS SILVA;;;;;;;;
THIAGO ARAUJO SILVA DE OLIVEIRA;;;;;;;;
THIAGO ARAUJO SILVA DE OLIVEIRA;;;;;;;;
WELLINGTON MANOEL SANTOS DA SILVA;;;;;;;;
EWERTON AMORIM DOS SANTOS;;;;;;;;
EWERTON AMORIM DOS SANTOS;;;;;;;;
MARILY OLIVEIRA BARBOSA;;;;;;;;
CHRISTIANE TENORIO DA SILVA;;;;;;;;
CHRISTIANE TENORIO DA SILVA;;;;;;;;
INGRID SOFIA VIEIRA DE MELO;;;;;;;;
INGRID SOFIA VIEIRA DE MELO;;;;;;;;
MARIA JOSE DOS SANTOS BARBOSA;;;;;;;;
MARIA JOSE DOS SANTOS BARBOSA;;;;;;;;
MAURICIO RICARDY BATISTA RAMOS;;;;;;;;
VICTOR JOSÉ BASTOS DA SILVA;;;;;;;;
DANIELLY SPOSITO PESSOA DE MELO;;;;;;;;
ISABELY PENINA  CAVALCANTI DA COSTA;;;;;;;;
ISABELY PENINA  CAVALCANTI DA COSTA;;;;;;;;
JORDANA TEIXEIRA DA SILVA;;;;;;;;
LIDIANE DAS NEVES SILVA;;;;;;;;
LIDIANE DAS NEVES SILVA;;;;;;;;
LIDIANE DAS NEVES SILVA;;;;;;;;
MARIA REGINA GONCALVES DOS SANTOS;;;;;;;;
FELIPE CARVALHO OLEGARIO DE SOUZA;;;;;;;;
FELIPE CARVALHO OLEGARIO DE SOUZA;;;;;;;;
FELIPE CARVALHO OLEGARIO DE SOUZA;;;;;;;;
ADRIANA SANTANA FERREIRA;;;;;;;;
KESSIANE DE SOUZA CORREIA;;;;;;;;
JORGE FERREIRA DA SILVA FILHO;;;;;;;;
RENAN ATANAZIO DOS SANTOS;;;;;;;;
RONNY FRANCISCO MARQUES DE SOUZA;;;;;;;;
FREDERICO SALGUEIRO PASSOS;;;;;;;;
ADELMO LIMA BASTOS;;;;;;;;
STOECIO MALTA FERREIRA MAIA;;;;;;;;
VANINE BORGES AMARAL;;;;;;;;
AUREA LUIZA QUIXABEIRA ROSA E SILVA RAPOSO;;;;;;;;
GISELE OLIVEIRA DE LIMA;;;;;;;;
ADRIANA PAULA QUIXABEIRA ROSA E SILVA OLIVEIRA SANTOS;;;;;;;;
EDUARDO CARDOSO MORAES;;;;;;;;
LUIS CARLOS FERREIRA DE OLIVEIRA;;;;;;;;
ANTONIO CARLOS SANTOS DE LIMA;;;;;;;;
VICTOR JOSÉ BASTOS DA SILVA;;;;;;;;
FLAVIA MARIA MONTEIRO DE LIMA EMILIANO;;;;;;;;
INGRID SOFIA VIEIRA DE MELO;;;;;;;;
FABIANO BARBOSA DE SOUZA PRATES;;;;;;;;
COSME ROGÉRIO FERREIRA;;;;;;;;
MICHELANGELO DE OLIVEIRA SILVA;;;;;;;;
SHEYLA KAROLINA JUSTINO MARQUES;;;;;;;;
MONICA LIMA ALVES PORTO;;;;;;;;
TALITA MARIA GOMES DE MORAIS;;;;;;;;
CICERO DE OLIVEIRA COSTA;;;;;;;;
JAILSON DO CARMO ALVES;;;;;;;;
PHABYANNO RODRIGUES LIMA;;;;;;;;
RENATO DE MEI ROMERO;;;;;;;;
ANGELA CRISTINA PEREIRA BARROS;;;;;;;;
ELAINE CRISTINA PEREIRA BARROS;;;;;;;;
FABIO FRANCISCO DE ALMEIDA CASTILHO;;;;;;;;
DARIO LUIZ NICACIO SILVA;;;;;;;;
WASHINGTON LUIZ SILVA LAGO;;;;;;;;
FELIPE THIAGO CALDEIRA DE SOUZA;;;;;;;;
DEMETRIUS PEREIRA MORILLA;;;;;;;;
ANDRE SUELDO TAVARES DE LIMA;;;;;;;;
JOHNNATAN DUARTE DE FREITAS;;;;;;;;
MARCELO CAVALCANTE;;;;;;;;
GEORGIA VALERIA ANDRADE LOUREIRO NUNES;;;;;;;;
ANTONIO IATANILTON DAMASCENO DE FRANCA;;;;;;;;
ISABELY PENINA  CAVALCANTI DA COSTA;;;;;;;;
HERBERT NUNES DE ALMEIDA SANTOS;;;;;;;;
AGUIMARIO PIMENTEL SILVA;;;;;;;;
CRISTIANO LESSA DE OLIVEIRA;;;;;;;;
MANOEL HENRIQUE PEREIRA SANTOS;;;;;;;;
RAFAEL THYAGO ANTONELLO;;;;;;;;
ALMIR TAVARES DA SILVA;;;;;;;;
JONATAS MATIAS DE OLIVEIRA;;;;;;;;
DANIELLY SPOSITO PESSOA DE MELO;;;;;;;;
MARIA REGINA GONCALVES DOS SANTOS;;;;;;;;
JOABE GOMES DE MELO;;;;;;;;
TIAGO BENTO DE OLIVEIRA;;;;;;;;
MAURICIO RICARDY BATISTA RAMOS;;;;;;;;
JAQUELINE FERNANDES GOMES;;;;;;;;
FRED AUGUSTO RIBEIRO NOGUEIRA;;;;;;;;
NEREU VICTOR NAZARIO TENORIO;;;;;;;;
